,names,main_category,keywords,ratings,,
0,??항,?드마크,즐길거리 & ?드마크,4.423076923,,
1,??갤?리,?드마크,?트갤러?4.6,,,
2,방짜?기박물관,?드마크,?문 박물관,4.25,,
3,?산 케?블??드마크,?차,4.358516484,,,
4,?순?벽 관광?,?드마크,?연 & ?생?물 ?식지,5,,
5,?성?쿠?수?장,?드마크,?포?컴플?스,4.6,,
6,?도????드마크,?망? & ???4.6875,,,,
7,?제미술관,?드마크,?트뮤???4.4,,,
8,?영?칠미술관,?드마크,?트뮤???4.916666666666667,,,
9,?화???????드마크,기념???상,4.916666667,,,
10,경인 ?라뱃길,?드마크,물길,4.5,,
11,?나개해?욕???드마크,??,4.666666667,,,
12,?림???드마크,?성??& 종교?인 ?소,5,,,
13,갑사,?드마크,?성??& 종교?인 ?소,4.617647059,,
14,?주 ?개마을,?드마크,"???인 ?소, ?근 지?? 즐길거리 & ?드마크",5,,
15,?당공원,?드마크,공원,4.5,,
16,?레?아??김??미술관,?드마크,?트뮤???4.596153846153846,,,
17,?인지,?드마크,?서 깊? ?책?3.8333333333333335,,,
18,고산??드마크,지?4.5,,,,
19,?찬공원,?드마크,"즐길거리 & ?드마크, 부??& 보드?크, 경???좋? ?책?,4.5
20,봉산문화??,?드마크,?트갤러? 극장""",4.681818182,,
21,봉곡???드마크,?성??& 종교?인 ?소,4.666666667,,,
22,?선?리?제,?드마크,문화 ?벤??4.681818181818182,,,
23,보령 충청?영???드마크,"???인 ?소, ?? 경???좋? ?책?,5.0
24,?장???드마크,??4.55
25,?연?굴,?드마크,?굴,4.590909090909091
26,류???갤러??우???드마크,?트갤러?5.0
27,계명?트?터,?드마크,극장,4.333333333333333
28,?ᅡ?????ᆼ?ᅯ???연 / 공원,?연 & ?생?물 ?식지,4.5
29,?평?당,?연 / 공원,교회 & ?당,5.0
30,? ?리미엄 ?울??- 기흥???연 / 공원,?토??울??4.5
31,?명?수,?연 / 공원,물길,4.5
32,Cheongju Art Hall,?연 / 공원,?트갤러?4.5
33,배론??,?연 / 공원,???인 ?소", 즐길거리 & ?드마크," 교회 & ?당""",4.875,
34,?보????연 / 공원,"즐길거리 & ?드마크, ?트뮤???,5.0
35,계양???연 / 공원,??4.467741935483871
36,????,?연 / 공원,??,4.5
37,??아쿠아리?,?연 / 공원,?물?? ?족관""",4.125,,,
38,?끝 ?망?,?연 / 공원,관측소 & 천체?영관,4.321428571,,
39,?면???연 / 공원,"?성??& 종교?인 ?소, 경???좋? ?책?,4.285714285714286
40,Sara Oreum Lake,?연 / 공원,물길,5.0
41,?라리오뮤????동바이?샵,?연 / 공원,?트갤러?4.5
42,?숭겸장군유??,?연 / 공원,???인 ?소"," 기념???상""",4.5,,
43,김?사??연 / 공원,?굴,4,,,
44,?쟁??성 ?권 박물관,?연 / 공원,??박물관,4.85,,
45,충북교육박물관,?연 / 공원,"?문 박물관, ??박물관",5,,
46,?????용극장,?연 / 공원,극장,4.764705882,,
47,?화???????연 / 공원,기념???상,5,,,
48,?법???연 / 공원,?성??& 종교?인 ?소,4.6875,,,
49,죽성?림?당,?연 / 공원,"즐길거리 & ?드마크, 건축?,4.625
50,5.18 Archives,?연 / 공원,??박물관,5.0
51,?화???????연 / 공원,기념???상,5.0
52,??????,?연 / 공원,???인 ?소,4.333333333333333
53,칠성?장,?연 / 공원,벼룩?장 & ?래?장,3.8333333333333335
54,?천 ?성,?연 / 공원,??4.461538461538462
55,??? ?랑?박물관,??박물관,4.5064935064935066
56,?피??공원,박물관,?근 지?? 즐길거리 & ?드마크""",4.6875,,
57,??MBC문화?터,박물관,즐길거리 & ?드마크,4.5,,
58,귀족호?박물?,박물관,?문 박물관,4.833333333,,
59,?천광역?립박물관,박물관,??박물관,4.5,,
60,?큐브시?박물관,백화??4.535714285714286,,,,
61,?창체험관,박물관,"?문 박물관, 즐길거리 & ?드마크",4.75,,
62,?산 박물관,박물관,?문 박물관,4.592105263,,
63,강천??군립공원,박물관,공원,4.653846154,,
64,?색 ?산?천,박물관,?천 & 간헐?4.578947368421052,,,
65,?항??체험관,박물관,즐길거리 & ?드마크,4.525,,
66,?유??공원,박물관,공원,4.638888889,,
67,Pabdol Museum,박물관,?문 박물관,5,,
68,???,박물관,공공기? 건물,4.453271028,,
69,개평?옥마을,박물관,즐길거리 & ?드마크,5,,
70,?화?박물관,"부??& 보드?크, ?경 ?라?브 코스, 경???좋? ?책?,4.75
71,?나?마을,박물관,?림"," 교육?인 ?소""",4.666666667,,
72,?천?비공원,박물관,?연 & ?생?물 ?식지,4.46,,
73,?구어린이?? 꾀꼬리극장,박물관,극장,4.5,,
74,주교??천?당,박물관,"?성??& 종교?인 ?소, 교회 & ?당",4.571428571,,
75,?동극장,박물관,극장,4.768115942,,
76,?동?원,박물관,???인 ?소,4.1,,
77,?주 기후변?홍보?,박물관,"?문 박물관, 즐길거리 & ?드마크, ??터",4.7,,
78,?니?드,박물관,공원,4.166666667,,
79,주문???,박물관,??,5,,
80,?화??박물관,???인 ?소,4.539473684,,,
81,부?역?박물?,박물관,??박물관,4.6,,
82,?주 ?리?탈?텔 카???박물관,카???3.75,,,,
83,모충???드마크,기념???상,4.5,,,
84,주문??드마크,벼룩?장 & ?래?장,4.25,,,
85,백사?항,?드마크,경???좋? ?책?4.5,,,
86,?? ?션거리,?드마크,즐길거리 & ?드마크,4.523722628,,
87,?불교역?박물?,?드마크,?문 박물관,4.666666667,,
88,?동광장,?드마크,"부??& 보드?크, ?망? & ???,4.0
89,?휴???드마크,즐길거리 & ?드마크,4.625
90,?터?원지,?드마크,?마 ?크,4.5
91,??해변,?드마크,??,4.625
92,?금???드마크,즐길거리 & ?드마크,4.60655737704918
93,창원NC?크,?드마크,?레??& 경기??4.85
94,?화?소????드마크,즐길거리 & ?드마크"," 기념???상""",5,
95,? ?? 박물관,?드마크,?문 박물관,4.636363636,,
96,?우지,?드마크,지?4.666666666666667,,,
97,고소??벽화마을,?드마크,?근 지?? 즐길거리 & ?드마크,4.4375,,
98,DTC ?유박물관,?드마크,?문 박물관,4.4,,
99,김???벨?화??기념관,?드마크,??박물관,4.75,,
100,?승?관광?,?드마크,"즐길거리 & ?드마크, 공원",4.666666667,,
101,??예?의?당,?드마크,극장,4.75,,
102,구곡??,?드마크,"물길, ??",4.5,,
103,?화???드마크,"?문 박물관, ?연 & ?생?물 ?식지",4.25,,,
104,?돌?들바위공원,?드마크,"물길, 즐길거리 & ?드마크",4.5,,
105,?담?휴게소,?드마크,즐길거리 & ?드마크,4.5,,
106,견월??목마???드마크,목장,5,,,
107,커피박물관 기획부,?드마크,?문 박물관,5,,
108,?암?원,?드마크,기념???상,5,,
109,???퀘어 문화관,?드마크,"즐길거리 & ?드마크, ?심, ?핑?,4.791666666666667
110,?주공원,?드마크,공원,5.0
111,?주경천?,?드마크,즐길거리 & ?드마크,4.4
112,부??광안?소,?드마크,관광센??4.444444444444445
113,?도,?드마크,??4.576923076923077
114,?매?장,?드마크,벼룩?장 & ?래?장,4.357142857142857
115,?????드마크,???인 ?소"," 즐길거리 & ?드마크""",4.468277946,
116,?구향??드마크,"???인 ?소, 즐길거리 & ?드마크",4.5,,,
117,??백화???구?본???드마크,백화??4.607142857142857,,,,
118,?동강문??,?드마크,"과학박물관, ?린??박물관",4.75,,
119,?한?성 ??관,?드마크,??박물관,4.625,,
120,?당종마목장,?드마크,목장,4.671428571,,
121,???박물?,?드마크,?문 박물관,4.666666667,,
122,?아??교 박물관,?드마크,?문 박물관,4.458333333,,
123,?복?밤마을,?드마크,?근 지??5.0,,,
124,반포???드마크,브리지,4.350943396,,,
125,?명 ??교,?드마크,즐길거리 & ?드마크,4.5,,
126,?백화??- 광복???드마크,백화??4.6875,,,,
127,?궁??벽화마을,?드마크,"?근 지?? 즐길거리 & ?드마크, 경???좋? ?책?,4.3625
128,?초 ?스??????드마크,즐길거리 & ?드마크", ?망? & ???,4.366666667,
129,?천곤충?구??곤충?태???드마크,?문 박물관,4.833333333,,,
130,?북리조???드마크,?터?크,4.5,,,
131,?울마루,?드마크,극장,4.833333333,,
132,코엑???드마크,"즐길거리 & ?드마크, ?심",4.64893617,,,
133,마비??벽화마을,?드마크,"즐길거리 & ?드마크, 경???좋? ?책?,4.5
134,봉화???드마크,??4.833333333333333
135,강릉?오문화관,?드마크,즐길거리 & ?드마크,4.5
136,??동 문화?술?거??드마크,?근 지?? 즐길거리 & ?드마크""",4.5,,
137,?국??중앙?구???서??드마크,?서관,4,,,
138,진포?양?마공원,?드마크,"군사 박물관, 경???좋? ?책?,4.283333333333333
139,마사박물관,박물관,?문 박물관,4.5
140,?천 글로벌 캠퍼??박물관,???& ?교,5.0
141,Jeongdongjin Sculpture Park,박물관,공원,4.25
142,5·18 기념공원,박물관,공원"," 기념???상""",4.693548387,
143,천보??박물관,??5.0,,,,
144,뮤???치간,박물관,?문 박물관,4.373333333,,
145,추리문학관,박물관,?서관,4.625,,
146,?연?박물관,"즐길거리 & ?드마크, 브리지",4.503164557,,,
147,?터?태공원,박물관,공원,4.5,,
148,??,박물관,백화??4.2745098039215685,,,
149,???박물관,?성??& 종교?인 ?소,4.785714286,,,
150,????,박물관,?트뮤???5.0,,,
151,철도 박물관,박물관,?문 박물관,4.413043478,,
152,???못,박물관,물길,4.470588235,,
153,궁남지,박물관,"???인 ?소, 물길, 공원",4.769230769,,
154,광주 ?립 미술관,박물관,?문 박물관,4.517857143,,
155,?방??박물관,?성??& 종교?인 ?소,4.785714286,,,
156,주필 거? 박물관,박물관,?문 박물관,4.166666667,,
157,Boryeong City Hall,박물관,?심,4.5,,
158,중앙?사?공??박물관,"즐길거리 & ?드마크, 공원",4.833333333,,,
159,?솔??박물관,?성??& 종교?인 ?소,4.642857143,,,
160,?성마늘박물관,박물관,?문 박물관,4.666666667,,
161,거북??모형 체험??박물관,??박물관,4.5,,,
162,?이?엠 ?레?스,박물관,?핑?4.526315789473684,,,
163,Daegu Literature Museum,박물관,"?문 박물관, ?트뮤??? ??박물관",4.75,,
164,천주?초량?당,박물관,교회 & ?당,4.2,,
165,고려??교,?드마크,즐길거리 & ?드마크,4.657407407,,
166,갤러????드마크,?트갤러?4.0,,,,
167,?관?박물?,?드마크,?문 박물관,4.4,,
168,?도불?마스?츠?터,?드마크,?포?컴플?스,4.5,,
169,보적???드마크,?성??& 종교?인 ?소,4.5,,,
170,중????양??드마크,?림,4.7,,,
171,??주?로,?드마크,맥주 ?조??5.0,,,
172,?동 공원,?드마크,"???인 ?소, 공원",4.75,,
173,?화???????드마크,기념???상,5,,,
174,?주???주박물관,?드마크,"?문 박물관, 과학박물관, ?린??박물관",4.6484375,,
175,?양?라마세?장,?드마크,즐길거리 & ?드마크,4.48,,
176,?림???드마크,"?성??& 종교?인 ?소, 경???좋? ?책?,5.0
177,?학 박물관,?드마크,??박물관,4.35
178,부????드마크,건축? 브리지""",4.235294118,,,
179,?당?망?,?드마크,즐길거리 & ?드마크,4.5,,
180,?방굴사,?드마크,?성??& 종교?인 ?소,4.560240964,,
181,코리???라???크,?드마크,"공원, 가??,4.0
182,??양?물?원관,?드마크,과학박물관,4.6
183,비슬?국립공???드마크,?? ?공원", ?이???레??,5,
184,?매??군립공원,?드마크,공원,4.666666667,,
185,?청?의?박물?,?드마크,?문 박물관,5,,
186,부???양?연??박물관,?드마크,?연??박물관,4.45,,
187,북악???울 ?곽,?드마크,즐길거리 & ?드마크,4.702531646,,
188,?화???????드마크,기념???상,5,,,
189,??산과학???드마크,과학박물관,4.45,,,
190,주실마을,?드마크,?근 지?? 즐길거리 & ?드마크,4.25,,
191,구암갤러??드마크,?트갤러?4.666666666666667,,,,
192,?남??백?우?랜???드마크,"즐길거리 & ?드마크, ?이???레?? 경???좋? ?책?,4.75
193,?양??도,?연 / 공원,물길", 즐길거리 & ?드마크, 경???좋? ?책?,4.7,
194,??드 ?? ?비???연 / 공원,?마 ?크,4.225806452,,,
195,?천?공항 ?늘?원,?연 / 공원,가??4.5,,,
196,???밀리오???연 / 공원,백화??4.295857988165681,,,,
197,천안종합?동???연 / 공원,?포?컴플?스,4.685185185,,,
198,?락?태공원,?연 / 공원,"즐길거리 & ?드마크, 공원",4.5,,
199,?츠?팜 ?수목장,?연 / 공원,목장,5,,
200,?수?계박람?장,?연 / 공원,컨퍼?스 & 컨벤???터,4.5,,
201,목포?상케?블??연 / 공원,?차,4.333333333,,,
202,?라?계??강),?연 / 공원,계곡,4.875,,
203,?산?사?적지,?연 / 공원,고? ?적,4.294117647,,
204,문의문화?단지,?연 / 공원,경???좋? ?책?4.4,,,
205,?원?원지,?연 / 공원,?마 ?크,4.5,,
206,?천???연 / 공원,?성??& 종교?인 ?소,4.794117647,,,
207,부?아?센???연 / 공원,?트갤러?4.625,,,,
208,철원 ?화?망?,?연 / 공원,관측소 & 천체?영관,4.5,,
209,?평?색?물???연 / 공원,?연 & ?생?물 ?식지,4.5,,,
210,?탄?관광?,?연 / 공원,"물길, 공원",4.75,,
211,?ᅮ?ᅡ?ᄌ?ᄉ?????연 / 공원,?연 & ?생?물 ?식지,4.538461538,,,
212,?평?전,?연 / 공원,즐길거리 & ?드마크,4.75,,
213,강원경찰박물관,?연 / 공원,??박물관,4.2,,
214,?병박물관,?연 / 공원,??박물관,5,,
215,직?문화공원,?연 / 공원,공원,4.75,,
216,?곡???연 / 공원,?성??& 종교?인 ?소,4.833333333,,,
217,천주??당?당,?연 / 공원,즐길거리 & ?드마크,4.25,,
218,?멜?시관,?연 / 공원,??박물관,4.4,,
219,무령?릉 ?시관,?연 / 공원,"?문 박물관, ??박물관",4.65,,
220,? ?플?자 명동???연 / 공원,백화??4.4,,,,
221,캐나?전?기?비,?드마크,기념???상,4.666666667,,
222,?구삼?창조캠?스,?드마크,?심,4.75,,
223,광주 ?립 민속 박물관,?드마크,??박물관,4.607142857,,
224,?솔???드마크,?성??& 종교?인 ?소,5,,,
225,?무? (?장?),?드마크,???인 ?소,4.6375,,
226,부?종??광안?소,?드마크,관광센??4.333333333333333,,,
227,?루미아,?드마크,"즐길거리 & ?드마크, 공원",4.833333333,,
228,?화???????드마크,기념???상,5,,,
229,?폐박물관,?드마크,?문 박물관,4.706896552,,
230,?????원?장,?드마크,"즐길거리 & ?드마크, ?장, 경???좋? ?책?,4.6
231,군산근?건축관,?드마크,건축? ??박물관""",4.482758621,,
232,?화기념관,?드마크,?문 박물관,4.666666667,,
233,?원?립?이?크미술관,?드마크,?트뮤???4.647058823529412,,,
234,?백화???점,?드마크,?핑?4.5,,,
235,금강??드마크,?굴,4.833333333,,,
236,?백 ?탄박물관,?드마크,?문 박물관,4.708333333,,
237,경희??교 ?정박물관,?드마크,"?문 박물관, ?린??박물관, ??박물관",4.6875,,
238,??지???드마크,?트뮤???4.602941176470588,,,,
239,?산 가?공원,?드마크,공원,4.704545455,,
240,?탄??체험관,?드마크,??박물관,4.75,,
241,?루뫼박물?,?드마크,?문 박물관,4.75,,
242,?화?소????드마크,"즐길거리 & ?드마크, 기념???상",5,,,
243,?월리산림휴?림,?드마크,?림,4.5,,
244,?서??드마크,???인 ?소,4.596491228,,,
245,비선?,?드마크,?이???레??4.597222222222222,,,
246,?화?자?휴?림,?드마크,?연 & ?생?물 ?식지,4.5,,
247,길상???드마크,?성??& 종교?인 ?소,4.815789474,,,
248,반딧불박물?,?드마크,?문 박물관,4.5,,
249,진??통?장,?핑,즐길거리 & ?드마크 벼룩?장 & ?래?장,5,,
250,커피커퍼,박물관,?문 박물관,4.53,,
251,?주추사관,박물관,??박물관,4.5,,
252,?산????,?드마크,??,5,,
253,????드마크,?성??& 종교?인 ?소,5,,,
254,루이??모자박물관,박물관,?문 박물관,5,,
255,?운? ?화?거??드마크,즐길거리 & ?드마크,4.54,,,
256,?천?명건강과학관,박물관,과학박물관,4.5,,
257,?죽?시립박물?,박물관,?문 박물관,4.48,,
258,비둘기낭??,?연 / 공원,??,4.39,,
259,부?시???핑,벼룩?장 & ?래?장,4.7,,,
260,?터?티??트뮤???박물관,?트뮤???4.75,,,,
261,First Garden,즐길거리 / 게임,가????터,4.67,,
262,?꺼비생?문??,?연 / 공원,?연 & ?생?물 ?식지,4.75,,
263,????핑??핑,?핑?4.43,,,,
264,?림박물관,박물관,?연??박물관,4.33,,
265,부???림??,?드마크,???인 ?소 ?성??& 종교?인 ?소,4.58,,
266,Kim Man Duk Memorial Museum,박물관,?문 박물관 ?린??박물관 ??박물관,4.67,,
267,?혁?미술관,박물관,?트갤러??트뮤???4.8,,,
268,?종??원지,?연 / 공원,공원,4.58,,
269,광복??먹자골목,?핑,벼룩?장 & ?래?장,4.45,,
270,?종????상,?드마크,기념???상,4.51,,
271,방태???연?양??연 / 공원,?림,4.86,,,
272,?라리오뮤??????페?스,박물관,?트뮤???4.74,,,
273,민락??공원,?연 / 공원,공원,4.56,,
274,캐니빌리지,박물관,?문 박물관 ?린??박물관,4.5,,
275,?시?도기념관,박물관,??박물관,4.77,,
276,감귤체험?장 귤향??드마크,?장,5,,,
277,?종?사?드 ?일바이???연 / 공원,바이???레??4.67,,,,
278,백양???드마크,?성??& 종교?인 ?소,4.67,,,
279,?라?이??카???부??카???/ ?박??카???4.07,,,,,
280,?계??물???연 / 공원,가??4.5,,,,
281,?남?립?물???연 / 공원,가??4.33,,,,
282,?석문화마을,?드마크,즐길거리 & ?드마크,4.46,,
283,?모리학??연 / 공원,?연 & ?생?물 ?식지 ?장,4.44,,,
284,?수 진남관,?드마크,???인 ?소,4.4,,
285,박경?문학공원,박물관,?문 박물관,4.74,,
286,?창 ?석문화???벤??문화 ?벤??5.0,,,,,
287,?국근??박물?,박물관,?문 박물관 ??박물관,4.5,,
288,진천 종박물?,박물관,?문 박물관,4.65,,
289,?? ?름,?연 / 공원,?산,4.75,,
290,?바???당,?드마크,???인 ?소 ?성??& 종교?인 ?소 교회 & ?당,5,,
291,?화?소????드마크,즐길거리 & ?드마크 기념???상,5,,,
292,?조???물??& ?족관,?물??4.0,,,,
293,??4 ?굴,?드마크,???인 ?소,4.65,,
294,구리?강??공원,?연 / 공원,공원,4.5,,
295,?술?전??박물관,?트뮤???4.7,,,,
296,??주박물관,박물관,??박물관,4,,
297,?량??산??매?장,?핑,벼룩?장 & ?래?장,4.43,,
298,본태박물관,박물관,?문 박물관 ?트뮤???4.7,,,
299,고려궁?,?드마크,???인 ?소 즐길거리 & ?드마크,4.39,,
300,?포카페거리,기?,?근 지??4.56,,,
301,?일공원,?연 / 공원,공원,4.62,,
302,?과 문화박물관 ????박물관,?문 박물관,4.75,,,
303,경포???연 / 공원,물길 경???좋? ?책?4.83,,,,
304,?안???드마크,?성??& 종교?인 ?소,4.8,,,
305,?림?드,?터?크 & ??공???마 ?크 ?터?크,4.83,,,
306,?디베어뮤????악,박물관,?문 박물관,4.28,,
307,?로?비??드마크,???인 ?소 묘?,4.57,,,
308,백제문화??,박물관,???인 ?소 ??박물관,4.65,,
309,?성 ?사?공?장,콘서??& ??극장,4.5,,,
310,죽도봉공???연 / 공원,공원,4.62,,,
311,?요???연 / 공원,???이???레???림,5,,,
312,????연?양??연 / 공원,?림,4.75,,,
313,보수??책방골목,박물관,??박물관,4.3,,
314,?봉공원,?연 / 공원,공원,4.35,,
315,?리??참전 기념??드마크,기념???상,4.56,,,
316,?두?성,?드마크,???인 ?소,4.17,,
317,????드마크,?성??& 종교?인 ?소,5,,,
318,?주 강원감영,?드마크,???인 ?소 건축?4.3,,,
319,천동 ?굴,?연 / 공원,?굴,4.58,,
320,??앤블레?드 박물관,박물관,?문 박물관,3.5,,
321,? ?울 ?충???드마크,묘?,4.66,,,
322,쥬디???화,?핑,?핑?4.31,,,
323,?영?산과학관,박물관,과학박물관,4.42,,
324,?울 광장,?드마크,즐길거리 & ?드마크,4.43,,
325,??구과??,박물관,과학박물관 ?린??박물관,5,,
326,?방???드마크,?성??& 종교?인 ?소,4.5,,,
327,충익???드마크,?성??& 종교?인 ?소,5,,,
328,?ᅮ?ᅡ???ᅡ?ᅵ?ᅡ?ᅳ ?ᅮ ??ᆼ??ᄌ?ᆼ,?드마크,?레??& 경기??4.4,,,
329,뮤?????박물관,?문 박물관 ?트뮤???4.62,,,,
330,?취???연 / 공원,???연 & ?생?물 ?식지 ?이???레??4.5,,,,
331,?섬 ?강공원 ?영???연 / 공원,공원,4.6,,,
332,?동민속박물관,박물관,?문 박물관,4.48,,
333,?남?안?책??드마크,경???좋? ?책?4.77,,,,
334,??물문??,박물관,?문 박물관,4.6,,
335,?븐??지??강북?튼??카???/ ?박??카???4.08,,,,,
336,?계?당,?드마크,즐길거리 & ?드마크,4.5,,
337,무열?릉,?드마크,???인 ?소,4.54,,
338,백제 불교 최초 ?래지,?드마크,???인 ?소,4.17,,
339,Gangneung Museum of Art,박물관,?트뮤???4.5,,,
340,?원?교,?드마크,???인 ?소 즐길거리 & ?드마크,4.5,,
341,???열?기??,?드마크,???인 ?소,5,,
342,교동?비??행???료,관광센??즐길거리 & ?드마크,4.5,,,
343,?화???????드마크,기념???상,5,,,
344,금강철새조망?,?드마크,?망? & ???4.79,,,
345,?도???드마크,즐길거리 & ?드마크,4.67,,,
346,?명?목???연 / 공원,가??4.75,,,,
347,????드마크,???인 ?소 건축?4.5,,,,
348,백련???드마크,?성??& 종교?인 ?소,5,,,
349,지?어??로사???드마크,즐길거리 & ?드마크,4.76,,,
350,??- ?????핑,?핑?4.5,,,,
351,코코??코 ?크,?터?크 & ??공???마 ?크,4.67,,,
352,?동 군자마을,기?,?근 지??4.64,,,
353,봉선???드마크,?성??& 종교?인 ?소,4.33,,,
354,?화???????드마크,기념???상,5,,,
355,?천 바다 케?블?교통???차,5,,,,
356,진해 ?림 ?크,?연 / 공원,공원,4.65,,
357,???관?모노?일,?어,,4.5,,
358,?현??드마크,???인 ?소 즐길거리 & ?드마크,4.51,,,
359,?봉???연 / 공원,??4.76,,,,
360,?내??- ?역,?드마크,즐길거리 & ?드마크,4.5,,
361,공룡체험?시관,박물관,?문 박물관,4,,
362,김?갑 갤러??모??박물관,?트뮤???4.78,,,,
363,?천???공원,즐길거리 / 게임,물길 바이???레??공원  ??보기,4.6,,
364,?운?사,?드마크,즐길거리 & ?드마크 ?성??& 종교?인 ?소,4.75,,
365,금남로공???연 / 공원,공원,4.25,,,
366,?록?공???연 / 공원,공원,4,,,
367,?곡??,?연 / 공원,??,4.5,,
368,메세?폴리스??핑,?핑?4.43,,,,
369,?늘물빛?원,?연 / 공원,물길 가??4.79,,,
370,꽃시??연 / 공원,공원 가??4.6,,,,
371,?촌?원지,?연 / 공원,물길 즐길거리 & ?드마크 공원,5,,
372,김?중컨벤션?터,?행???료,컨퍼?스 & 컨벤???터,4.58,,
373,?양지,?연 / 공원,물길,5,,
374,관방제??드마크,경???좋? ?책?4.53,,,,
375,마량?구,?드마크,경???좋? ?책?4.38,,,
376,?페??,?핑,?핑?4.28,,,
377,?라??름,?연 / 공원,??4.88,,,
378,?산?락??외 ?동,조깅?& ?랙,4.85,,,
379,충주커피박물관,박물관,?문 박물관,4.5,,
380,계명?자?휴?림,?연 / 공원,?림,4.5,,
381,?양?성박물관,박물관,??박물관,4.63,,
382,?세??교 글로벌캠퍼???드마크,???& ?교,4.25,,,
383,?천 개항 박물관,박물관,??박물관,5,,
384,?중??거리,?드마크,즐길거리 & ?드마크,4.25,,
385,명동지?상가,?핑,?핑?4.29,,,
386,?화???????드마크,기념???상,4.8,,,
387,?매?장,?핑,벼룩?장 & ?래?장,4.5,,
388,?랑??,?드마크,???인 ?소 즐길거리 & ?드마크 교육?인 ?소,4.75,,
389,?부?국?원,콘서??& ??극장,4.75,,,
390,?불공???연 / 공원,?서 깊? ?책?공원,4.5,,,
391,?성 ?바?얼?조각공원,?연 / 공원,공원,4.12,,
392,금성?성,?드마크,???인 ?소,5,,
393,?쇠?망?,?드마크,?망? & ???5.0,,,
394,?동?시?드??경기???드마크,?레??& 경기??4.5,,,,
395,?마?운?발?? 기념관,박물관,??박물관,4.5,,
396,?국 근? 문학관,박물관,?문 박물관,4.75,,
397,광주?구문화?술??,박물관,?트갤러?4.0,,,
398,?아백화???핑???핑,백화??4.5,,,,
399,비진???수?장,?연 / 공원,??,4.67,,
400,?호 ?동?리,?드마크,브리지,4.5,,
401,???박물관,?문 박물관 ?포?컴플?스,4.71,,,
402,문화????284,박물관,?문 박물관 ???인 ?소,4.44,,
403,개태???드마크,???인 ?소 ?성??& 종교?인 ?소,4.5,,,
404,?산그린????드마크,?망? & ???4.25,,,,
405,?화???????드마크,기념???상,5,,,
406,고운바다길분???드마크,분수?,4.25,,,
407,북구 빙상??,즐길거리 / 게임,?포?컴플?스,4.8,,
408,KBS ???드마크,즐길거리 & ?드마크,4.43,,,
409,중문 마린?크 ?시?랜???터?크 & ??공???마 ?크,4.52,,,,
410,?안??터 ?로?티?터,박물관,과학박물관,4,,
411,갑곶??,?드마크,???인 ?소 ?쟁???적지,4.67,,
412,?중근의??기념관,박물관,??박물관,4.46,,
413,?성?갈???연 / 공원,?연 & ?생?물 ?식지 경???좋? ?책?4.5,,,,
414,철암 ?광???기?,?근 지??건축??령 마을,4.58,,,
415,?화?소????드마크,즐길거리 & ?드마크 기념???상,5,,,
416,충무공동???드마크,즐길거리 & ?드마크 기념???상 경???좋? ?책?4.5,,,,
417,초???드마크,???인 ?소 즐길거리 & ?드마크,4.44,,,
418,?상?,?드마크,???인 ?소 건축?4.52,,,
419,?빛???연 / 공원,즐길거리 & ?드마크 ??4.48,,,,
420,?산????드마크,즐길거리 & ?드마크 ?망? & ???4.57,,,,
421,?인??마 ?크,?터?크 & ??공???마 ?크,4.28,,,
422,?스?탁구장,즐길거리 / 게임,?포?컴플?스,3.58,,
423,경의?숲??연 / 공원,공원,4.62,,,
424,??성,?드마크,???인 ?소 즐길거리 & ?드마크,4.33,,
425,강릉?이?아?나,즐길거리 / 게임,?포?컴플?스,4.5,,
426,???망?,?드마크,?망? & ???5.0,,,
427,?호,?연 / 공원,물길,4,,
428,금정???연 / 공원,???이???레??4.67,,,,
429,중구?활?전??,박물관,??박물관,5,,
430,망양???드마크,???인 ?소 건축?4.5,,,,
431,?키???식물원,?연 / 공원,가??3.83,,,
432,?밭교육박물관,박물관,?문 박물관,4.41,,
433,?굴 ?비관,?연 / 공원,?굴,4.12,,
434,미즈?키 린??묘역,?드마크,즐길거리 & ?드마크 기념???상,4.17,,
435,좌동?래?장,?핑,벼룩?장 & ?래?장,4.5,,
436,?림??드마크,?망?,4.5,,,
437,?모?퍼?픽미술관,박물관,?문 박물관 ?트뮤???4.75,,,
438,?규??지?제?박물관,?문 박물관,4.72,,,
439,?구콘?트?우??콘서??& ??극장,4.5,,,,
440,?ᅩ?ᅡ???ᅳ?ᅵ???ᄃ???드마크,?레??& 경기??4.58,,,,
441,맥도?태공원,?연 / 공원,공원,4.5,,
442,?연???드마크,?성??& 종교?인 ?소,4.25,,,
443,백인?????드마크,???인 ?소 즐길거리 & ?드마크,4.84,,,
444,문장?,?연 / 공원,?이???레??4.75,,,
445,?두???교 ??,박물관,???인 ?소 ??박물관,4.55,,
446,?랑???연 / 공원,물길,4.55,,,
447,?재 ?? 공원,?연 / 공원,공원,4.75,,
448,?고?자?휴?림,?연 / 공원,?연 & ?생?물 ?식지 ?림,4.75,,
449,고창 고인??박물관,박물관,??박물관,4.57,,
450,?산???드마크,???인 ?소,4.5,,,
451,?뜰리에,박물관,?트뮤???4.64,,,
452,별난 물건 박물관,박물관,?문 박물관,4.67,,
453,?천?구문화??,?드마크,즐길거리 & ?드마크,4,,
454,?도진공???연 / 공원,공원,4.4,,,
455,?천개항??근?건축?시관,박물관,?문 박물관 ??박물관,5,,
456,?화???????드마크,기념???상,5,,,
457,밤원?색?촌체험마을,기?,?근 지??5.0,,,
458,?선???연?양??연 / 공원,?림,4.88,,,
459,고삼?수,?연 / 공원,물길,4.88,,
460,춘향?마?크,?터?크 & ??공???마 ?크,4.25,,,
461,?음?연?양??연 / 공원,?림,4.83,,,
462,?안??도?산물유?센???핑,벼룩?장 & ?래?장,4,,,
463,봉래???연 / 공원,??4.58,,,,
464,?암 ???,?연 / 공원,물길,4.72,,
465,??문성곽공???연 / 공원,즐길거리 & ?드마크 ?서 깊? ?책?공원,4.64,,,
466,?카?????드마크,?망? & ???5.0,,,,
467,문암??,?연 / 공원,??,5,,
468,강화?성,?드마크,???인 ?소,4.64,,
469,?천기적???서관,?행???료,?서관,5,,
470,?림???드마크,?성??& 종교?인 ?소,4.5,,,
471,?애??연 ?활 공원,?연 / 공원,공원,4.54,,
472,보물?마?나?전??,박물관,?문 박물관,4.5,,
473,?종?구??즐길거리 / 게임,?포?컴플?스,4.5,,,
474,관?탁구장,즐길거리 / 게임,?포?컴플?스,4.5,,
475,경주버드?크,?연 / 공원,?연 & ?생?물 ?식지,4.87,,
476,칠포?수?장,?연 / 공원,??,4.19,,
477,가천박물?,박물관,??박물관,4.25,,
478,?인문화?적?시관,박물관,??박물관,4.54,,
479,?연?색박물관,박물관,?트뮤???4.25,,,
480,?주?봉,?드마크,즐길거리 & ?드마크 ?서 깊? ?책?경???좋? ?책?5.0,,,
481,?영?산?첩축???벤??문화 ?벤??4.35,,,,,
482,발효?스?굴,박물관,즐길거리 & ?드마크 ?린??박물관,4.67,,
483,?세계백?점 충청???핑,백화??4.75,,,,
484,40계단 문화관,박물관,??박물관,4.22,,
485,?비??연 / 공원,??4.75,,,,
486,?초관광정보센???행???료,관광센??4.97,,,,
487,조계???립공원,?연 / 공원,??5.0,,,
488,?성???연 / 공원,???연 & ?생?물 ?식지 ?이???레??4.75,,,,
489,부?올림픽공원,?연 / 공원,공원,4,,
490,??미술관,박물관,?트뮤???4.75,,,
491,목면?배??,?드마크,???인 ?소 즐길거리 & ?드마크,4.36,,
492,고??진미술관,박물관,?트뮤???4.75,,,
493,개항????문화??거리,기?,???인 ?소 ?근 지??즐길거리 & ?드마크,4.5,,
494,?월???장,?식 / ?료,벼룩?장 & ?래?장 ?산?직거???터,5,,
495,?탄?트마인,박물관,?문 박물관,4.57,,
496,?순?????드마크,브리지,5,,,
497,?영?자?휴?림,?연 / 공원,??4.67,,,
498,충렬???드마크,???인 ?소 ?성??& 종교?인 ?소,4.29,,,
499,광덕???드마크,?성??& 종교?인 ?소,4.58,,,
500,?라?이??카????커??카???/ ?박??카???4.29,,,,,
501,마리???울???핑,?토??울??4.41,,,,
502,???울??드마크,즐길거리 & ?드마크 경???좋? ?책?4.62,,,,
503,?세?문?원,박물관,?문 박물관,4.75,,
504,고기리유??,?연 / 공원,계곡,4.21,,
505,?포???갈?산?장,?핑,벼룩?장 & ?래?장,4.5,,
506,?산???망?,?드마크,?망? & ???4.68,,,
507,??미술관,박물관,?트뮤???4.69,,,
508,?담??미술관,박물관,?문 박물관,5,,
509,?화???????드마크,기념???상,4.67,,,
510,?쿠?월???터?크 & ??공???터?크,4.33,,,,
511,마한교육문화??,?드마크,즐길거리 & ?드마크,4.67,,
512,?산 공공 미술,?드마크,즐길거리 & ?드마크,4.57,,
513,추사고택,?드마크,???인 ?소 건축?4.88,,,
514,?울?물?장,?핑,벼룩?장 & ?래?장,4.21,,
515,?계 조??박물관,박물관,?문 박물관,4.77,,
516,?선공원종합체육관,즐길거리 / 게임,?포?컴플?스,4.5,,
517,?원만복??,?드마크,?성??& 종교?인 ?소,4.5,,
518,?포??,?연 / 공원,?연 & ?생?물 ?식지,4,,
519,?천 ?계 ?자 ?터,박물관,?문 박물관,4.75,,
520,?세?백화?????티,?핑,백화??4.48,,,
521,미륵???연 / 공원,???이???레??4.66,,,,
522,?남 ?트?터,?드마크,즐길거리 & ?드마크,4.62,,
523,관촉사,?드마크,?성??& 종교?인 ?소,4.83,,
524,BIFF 광장,?드마크,즐길거리 & ?드마크,4.48,,
525,?관???떼목장,?드마크,목장,4.57,,
526,??해?주?절리?,?연 / 공원,지?경???좋? ?책?4.69,,,
527,추암?수?장,?연 / 공원,??,4.78,,
528,?목? ?목?,?드마크,???인 ?소,4.52,,
529,?관???양목장,?드마크,목장,4.64,,
530,?라?망?,?드마크,?망? & ???4.55,,,
531,?????연 / 공원,??4.51,,,,
532,천주?계산 주교??당,?드마크,?성??& 종교?인 ?소,4.61,,
533,?남중앙공원,?연 / 공원,공원,4.73,,
534,경화??벚꽃??드마크,즐길거리 & ?드마크,4.75,,,
535,?양 ??무축제,?벤??문화 ?벤??4.71,,,,
536,?성??연 / 공원,물길,4.48,,,
537,???리미엄?울??김?점,?핑,?토??울??4.54,,,
538,?션 700,?터?크 & ??공???터?크,4.49,,,
539,??태공원,?연 / 공원,공원,5,,
540,부??지?철,교통???중교???스??4.6,,,,
541,?화?자??교,?드마크,즐길거리 & ?드마크 ???& ?교,4.67,,
542,?태?자?휴?림,?연 / 공원,?림,4.85,,
543,차이?????드마크,즐길거리 & ?드마크,4.33,,,
544,?성?노베이??지??박물관,?문 박물관 과학박물관 교육?인 ?소,4.76,,,
545,?산M밸리록페?티??벤???악 축제,4.6,,,,
546,?한?성 ?립공원,?연 / 공원,???인 ?소 공원,4.62,,
547,부?????드마크,?망? & ???4.54,,,,
548,???장,?핑,벼룩?장 & ?래?장,4.47,,
549,?도 ?카?워???드마크,즐길거리 & ?드마크 경???좋? ?책?4.59,,,,
550,?등???드마크,?성??& 종교?인 ?소,4.6,,,
551,????자???라???드마크,즐길거리 & ?드마크 건축?4.62,,,,
552,??장,?핑,벼룩?장 & ?래?장,4.42,,
553,?장 ?핑??핑,?핑?4.48,,,,
554,별마???서관,?행???료,?서관,4.69,,
555,?유???공원,?연 / 공원,?공원,4.61,,
556,?화 ?수?장,?연 / 공원,??,4.72,,
557,?호?우??,?연 / 공원,??,4.47,,
558,광장?장,?핑,즐길거리 & ?드마크 벼룩?장 & ?래?장,4.58,,
559,?인??금?크,?터?크 & ??공???마 ?크,4.63,,,
560,금능?수?장,?연 / 공원,??,4.72,,
561,?브뮤???박물관,?문 박물관,4.78,,,
562,?광???드마크,즐길거리 & ?드마크,4.7,,,
563,?경주박물관,박물관,?문 박물관,4.73,,
564,천리?수목원,?연 / 공원,가??4.82,,,
565,가?레?파???어,,4.64,,,
566,?려?숲??연 / 공원,?이???레??4.75,,,,
567,무창???수?장,?연 / 공원,??,4.75,,
568,?인?월???터?크 & ??공???마 ?크,4.46,,,,
569,거제?로?용?유?공??박물관,군사 박물관 즐길거리 & ?드마크,4.43,,,
570,?울??즐길거리 / 게임,공원 ??터,4.73,,,
571,?막?계??연 / 공원,계곡,4.65,,,
572,경포?,?드마크,???인 ?소,4.69,,
573,?륵???드마크,?성??& 종교?인 ?소,4.58,,,
574,?리공원,?연 / 공원,공원,4.38,,
575,보령머드축제,?벤??문화 ?벤??4.6,,,,
576,?천 ?륙 ?전 기념관,박물관,기념???상 ??박물관,4.5,,
577,?양 죽녹???연 / 공원,공원 ?림,4.64,,,
578,강화?화?망?,?드마크,?망? & ???4.63,,,
579,진주???드마크,???인 ?소 ??4.68,,,,
580,?동?곡 바다부채길,?연 / 공원,?이???레??경???좋? ?책?4.95,,,
581,?정부 부?찌개 거리,기?,?근 지??4.69,,,
582,?청 ?방?초축제,?벤??문화 ?벤??4.67,,,,
583,?주 중앙지?상가,?핑,?핑?4.22,,,
584,?? 공원,?연 / 공원,공원,4.61,,
585,지리산 ? 공원,?연 / 공원,?공원,4.9,,
586,?흥 ?리미엄 ?울???핑,?토??울??4.5,,,,
587,천?????,?연 / 공원,??,4.55,,
588,?????연 / 공원,??4.52,,,,
589,?부바다?기?마?크,?연 / 공원,즐길거리 & ?드마크 공원,4.83,,
590,?륙???카?워???드마크,?망? & ???4.51,,,,
591,?관???늘목장,?드마크,즐길거리 & ?드마크,4.61,,
592,?만벽화마을,기?,?근 지??즐길거리 & ?드마크,4.34,,
593,?의???강공원,?연 / 공원,공원,4.74,,
594,?라 ?목???연 / 공원,공원,4.6,,,
595,?영??드마크,브리지,4.65,,,
596,?선?일바이???어,,4.74,,,
597,각원???드마크,?성??& 종교?인 ?소,4.75,,,
598,촛? 바위,?연 / 공원,지?4.74,,,
599,?성미술관 리?,박물관,?트뮤???4.69,,,
600,춘천 명동거리,기?,?근 지??4.44,,,
601,?브 ?일?드,?연 / 공원,가??4.51,,,
602,광복?문화 ?션 거리,기?,?근 지??4.54,,,
603,????맞??광장,?드마크,즐길거리 & ?드마크,4.49,,
604,김???세???,?연 / 공원,??,4.81,,
605,충주 ?계 무술공원,?연 / 공원,공원,4.72,,
606,고성 ?일 ?망?,박물관,관측소 & 천체?영관,4.52,,
607,?디베어 박물관 ?주,박물관,?문 박물관,4.44,,
608,맹종죽테마공???연 / 공원,공원 ?림,4.49,,,
609,?원???드마크,?성??& 종교?인 ?소,4.81,,,
610,공산???드마크,???인 ?소,4.62,,,
611,???수?장,?연 / 공원,??,4.52,,
612,별빛?원 ?주,?드마크,즐길거리 & ?드마크,4.62,,
613,SEA LIFE 부???쿠?리?,?물??& ?족관,?족관,4.44,,
614,?주?교,?드마크,???인 ?소,4.52,,
615,?울?카???드마크,?망? & ???4.67,,,,
616,?도???드마크,?성??& 종교?인 ?소,4.77,,,
617,?백화???본???핑,백화??4.52,,,,
618,?주???드마크,?성??& 종교?인 ?소,4.65,,,
619,?도??공원,?연 / 공원,?망? 공원,4.71,,
620,?두??공원,?연 / 공원,즐길거리 & ?드마크 공원,4.46,,
621,? 과천 과학관,박물관,과학박물관 관측소 & 천체?영관,4.77,,
622,?머??안,?연 / 공원,??,4.76,,
623,???리미엄?울???도???핑,?토??울??4.53,,,,
624,?양???연 / 공원,?리 ??4.55,,,,
625,?레???팝,박물관,?문 박물관 ?마 ?크,4.73,,
626,??시립???,박물관,?트뮤???4.67,,,
627,?복?장,?핑,벼룩?장 & ?래?장,4.5,,
628,김???릉,?드마크,???인 ?소,4.73,,
629,?? ?굴,?드마크,???인 ?소,4.54,,
630,물향기수목원,?연 / 공원,?연 & ?생?물 ?식지,4.73,,
631,?주?립?욱진???,박물관,?트뮤???4.83,,,
632,?이??빨강??,?드마크,??,4.5,,
633,?주 ?드?경기???드마크,?레??& 경기??4.53,,,,
634,?담??박물관,?문 박물관 가??4.79,,,,
635,?남??드마크,???인 ?소,4.38,,,
636,???드 ?남,?핑,?핑?4.67,,,
637,?화???????드마크,기념???상,5,,,
638,?아???드마크,즐길거리 & ?드마크,4.49,,,
639,캠프 보니?스,?드마크,군사 기? ??설,4.78,,
640,?두?통?전망?,?드마크,?망? & ???4.58,,,
641,?수??드마크,???인 ?소 즐길거리 & ?드마크 건축?4.61,,,,
642,부?불꽃축???벤???정 ?즌 ?????4.78,,,,,
643,?리??물???연 / 공원,가??4.76,,,,
644,?의??공원,?연 / 공원,공원,4.68,,
645,?주?물???물??& ?족관,?물??4.4,,,,
646,?????연 / 공원,가??경???좋? ?책?4.69,,,,
647,봉포??,?연 / 공원,??,4.75,,
648,?천공항 ?기부?열?교통???중교???스??4.59,,,,,
649,?슬???트 ?드,박물관,?문 박물관,4.63,,
650,?이?????목???연 / 공원,공원 가??4.69,,,,
651,부천중?공???연 / 공원,공원,4.74,,,
652,?인???드마크,???인 ?소 ?성??& 종교?인 ?소,4.74,,,
653,?주 민속?연??박물관,박물관,??박물관,4.48,,
654,?사??박물관,?문 박물관,4.82,,,
655,?성?궁,?드마크,???인 ?소,4.56,,
656,부?시???핑,벼룩?장 & ?래?장,4.55,,,
657,곽??수?장,?연 / 공원,??,4.68,,
658,????드마크,?성??& 종교?인 ?소,4.65,,,
659,보성 ?차?????원,?연 / 공원,?림 ?장,4.69,,
660,?려 ?상 ?공원,?연 / 공원,?공원,4.75,,
661,?불???드마크,즐길거리 & ?드마크,4.74,,,
662,보문???드마크,?성??& 종교?인 ?소,4.67,,,
663,?백???공원,?연 / 공원,?공원,4.77,,
664,?구??드마크,???인 ?소,4.65,,,
665,코리?인?내?널?키?쿨,강좌 & ?크???포?캠프 & ?리??4.95,,,,
666,?탄 ?트???크,?연 / 공원,공원,4.93,,
667,꽃??수?장,?연 / 공원,??,4.45,,
668,?안?안 ?공원,?연 / 공원,?공원,4.79,,
669,?산 ?공원,?연 / 공원,공원,4.73,,
670,?주??민속 ?일?장,?핑,벼룩?장 & ?래?장,4.6,,
671,?릉?건릉,?드마크,???인 ?소,4.61,,
672,부?산???드마크,???인 ?소,4.68,,,
673,주문진항,?드마크,부??& 보드?크,4.52,,
674,?주 ?리미엄 ?울???핑,?토??울??4.46,,,,
675,?주 ?금??출렁?리,?드마크,브리지,4.66,,
676,고수 ?굴,?연 / 공원,?굴,4.59,,
677,??미술관,박물관,?트뮤???4.72,,,
678,?인???드마크,즐길거리 & ?드마크,4.72,,,
679,?림??공원,즐길거리 / 게임,?포?컴플?스 공원,4.68,,
680,?양강스카이?크,?드마크,브리지 ?망? 경???좋? ?책?4.46,,,
681,?구예?발?소,박물관,?트뮤???4.69,,,
682,?면???연?양??연 / 공원,?림,4.75,,,
683,?초중앙?장,?핑,벼룩?장 & ?래?장,4.59,,
684,비발?파???션?드,?터?크 & ??공???마 ?크,4.54,,,
685,거제 ?포?첩기?공???연 / 공원,공원,4.4,,,
686,?악?국립공???연 / 공원,?공원,4.71,,,
687,?피?마???드마크,즐길거리 & ?드마크,4.54,,,
688,?려?도 조망 케?블?교통???차,4.72,,,,
689,?천 ?자기축???벤??문화 ?벤??4.62,,,,,
690,방주교회,?드마크,건축??성??& 종교?인 ?소,4.53,,
691,강화?사?드리조??즐길거리 / 게임,??기?/ ?티비티,4.7,,,
692,?순??광장,?연 / 공원,공원,4.44,,
693,?해 ?호관,박물관,?문 박물관,4.83,,
694,?산공원,?연 / 공원,공원,4.65,,
695,?눈?오??연 / 공원,?산,4.87,,,
696,명동 ?당,?드마크,?성??& 종교?인 ?소 교회 & ?당,4.64,,
697,?산미륵??,?드마크,?성??& 종교?인 ?소,4.46,,
698,?도???드마크,???인 ?소 ?성??& 종교?인 ?소,4.5,,,
699,?성 ?사?공?장,콘서??& ??극장,4.5,,,
700,죽도봉공??콘서??& ??공원,4.625,,,,
701,명성?후 ??,"콘서??& ??""???인 ?소", 건축?,4.5,,
702,?강?물??콘서??& ??공원,4.5,,,,
703,?산???어거리,"콘서??& ??""?근 지?? 즐길거리 & ?드마크""",4.5,,,
704,?태?콘서??& ??계곡,4.583333333,,,,
705,부???공원,콘서??& ??공원,4.666666667,,,
706,?화??????콘서??& ??기념???상,4.75,,,,
707,"?레?아쿠아리? 부?콘서??& ??""?물?? ?족관""",3.5,,,,
708,??경찰??체험관,"콘서??& ??""?문 박물관"," ??박물관""",4.333333333,,
709,"?정??콘서??& ??""물길", 경???좋? ?책?,4.5,,,
710,?천 ?장,콘서??& ???산?직거???터,4.666666667,,,
711,?풍 계곡 마을,콘서??& ??계곡,4.714285714,,,
712,9.81 ?크,콘서??& ???마 ?크,4.666666667,,,
713,"무창????콘서??& ??""즐길거리 & ?드마크", ?망? & ???,4.75,,,
714,모래 ?계 공원,콘서??& ??공원,4.310344828,,,
715,간월,콘서??& ???성??& 종교?인 ?소,4.611111111,,,
716,?담?봉,콘서??& ????4.337837837837838,,,,
717,?계?동차제주박물?,콘서??& ???문 박물관,4.650684932,,,
718,초량 ?통?장,콘서??& ??벼룩?장 & ?래?장,4.307692308,,,
719,?사??거리,"콘서??& ??""?근 지?? 즐길거리 & ?드마크", 경???좋? ?책?,3.884615385,,
720,고척?카?돔,콘서??& ???레??& 경기??4.557971014492754,,,,
721,부?커?박물?,콘서??& ???문 박물관,4.785714286,,,
722,?구약?시?방문화축제,콘서??& ??문화 ?벤??4.461538461538462,,,,
723,?월 ?릉,콘서??& ?????인 ?소,4.733333333,,,
724,?수 ?양 ?일바이??콘서??& ??바이???레??4.483870967741935,,,,,
725,?물?름,"콘서??& ??""?이???레?? ?림"," ?산""",5,,
726,감악??콘서??& ????4.5,,,,,
727,?류??연 / 공원,??5.0,,,,
728,금산???연 / 공원,?성??& 종교?인 ?소,4.75,,,
729,고령 ?가?유??,?연 / 공원,고? ?적,4.727272727,,
730,?울?물???연 / 공원,가??4.685185185185185,,,,
731,?천??(?평),?연 / 공원,"???인 ?소, ?성??& 종교?인 ?소, 경???좋? ?책?,4.5
732,?해보물?전망? & ?카?워???연 / 공원,?망? & ???5.0
733,?야지바람?보?마???연 / 공원,관광센?? 즐길거리 & ?드마크""",4.5,,
734,경북??교 ?연?박물?,?연 / 공원,?연??박물관,5,,
735,?독?약박물관,?연 / 공원,?문 박물관,5,,
736,?주???자?문화 박물관,?연 / 공원,?문 박물관,4.75,,
737,가?사계절?매???연 / 공원,?로?컨?리 ?키??5.0,,,,
738,무심갤러??연 / 공원,?트갤러?4.833333333333333,,,,
739,?라?이?카지???천?공항???연 / 공원,카???3.875,,,,
740,?사,?연 / 공원,?성??& 종교?인 ?소,4.84,,
741,?주?립 김창열 미술관,?연 / 공원,?트뮤???4.75,,,
742,?상?고???연 / 공원,"?문 박물관, ???인 ?소",4.611111111,,,
743,?선?리?시???연 / 공원,벼룩?장 & ?래?장,4.629032258,,,
744,구리 ????연 / 공원,?망? & ???4.34375,,,,
745,김??가?테마파???연 / 공원,?마 ?크,4.416666667,,,
746,Gift_accessory #,?연 / 공원,?티?샵,5,,
747,?륜???립공원,?연 / 공원,공원,4.615384615,,
748,?화???????연 / 공원,기념???상,5,,,
749,?양??릉??릉,?연 / 공원,???인 ?소,4.529411765,,
750,?구근???관,?연 / 공원,??박물관,4.461538462,,
751,강암 ?예관,?연 / 공원,즐길거리 & ?드마크,5,,
752,?화???????연 / 공원,기념???상,4.875,,,
753,????연 / 공원,??4.526315789473684,,,,
754,?마?트 ?터 ?크,?터?크 & ??공???터?크,4.358585859,,,
755,"관?사?방??터?크 & ??공??""즐길거리 & ?드마크", 경???좋? ?책?,5,,,
756,?화???????터?크 & ??공??기념???상,5,,,,
757,?텔?터불고?구카지???터?크 & ??공??카???4.214285714285714,,,,,
758,?국???박물?,?터?크 & ??공???문 박물관,4.4,,,
759,?천?린?박물?,?터?크 & ??공???린??박물관,4.611111111,,,
760,?성공원,?터?크 & ??공??공원,4.5,,,
761,망원?장,?터?크 & ??공??벼룩?장 & ?래?장,4.569444444,,,
762,?화???????터?크 & ??공??기념???상,4.7,,,,
763,?재?- ?림공원,?터?크 & ??공???굴,4.75,,,
764,관문시???터?크 & ??공??벼룩?장 & ?래?장,4.5,,,,
765,?승?악,?터?크 & ??공???이???레??4.5,,,,
766,?인?촌?마?크,?터?크 & ??공???마 ?크,4.611111111,,,
767,부?역 관광안?센???터?크 & ??공??관광센??4.362745098039215,,,,,
768,군산근???박물관,?터?크 & ??공????박물관,4.5,,,
769,반석??카페거리,?터?크 & ??공???근 지??4.642857142857143,,,,
770,?남??교 ?브로드,"?터?크 & ??공??""즐길거리 & ?드마크", 경???좋? ?책?,4.681818182,,
771,Mari Sorigol Instruments Museum,?터?크 & ??공???문 박물관,5,,,
772,골굴???터?크 & ??공???성??& 종교?인 ?소,4.619318182,,,,
773,?연구름?리,"?터?크 & ??공??""즐길거리 & ?드마크"," 브리지""",4.75,,
774,?따?무,"?터?크 & ??공??""즐길거리 & ?드마크", 경???좋? ?책?,5,,
775,?자?수공원,"?터?크 & ??공??""물길"," 공원""",4.666666667,,
776,?척??공원,"?터?크 & ??공??""공원", 가??,5,,
777,개심???터?크 & ??공???성??& 종교?인 ?소,4.625,,,,
778,천아계곡,?터?크 & ??공??계곡,5,,,
779,첨성?,?터?크 & ??공?????인 ?소,4.44605475,,,
780,?반?트리?,?터?크 & ??공???트뮤???4.5,,,,
781,"민오?- ?라???터?크 & ??공??""?? 경???좋? ?책? ?산""",5,,,,
782,갤러리그??박물관,?트갤러?4.875,,,,
783,?구공???광안?소,박물관,관광센??4.384615384615385,,,
784,?원?립김병종미술관,박물관,?트뮤???5.0,,,
785,?????점,박물관,?핑?4.416666666666667,,,
786,?운?사,박물관,?성??& 종교?인 ?소,4.3,,
787,?석?자?사박물관,박물관,?연??박물관,4.8,,
788,?주??기념관,박물관,??박물관,4.125,,
789,?????? 박물관,박물관,??박물관,4.575,,
790,경상?도 ?목??박물관,"공원, ?림",4.815789474,,,
791,?동??구 ?코 ?터,박물관,즐길거리 & ?드마크,4.75,,
792,?주교?박물관,박물관,??박물관,4.166666667,,
793,?주?성,박물관,"???인 ?소, ??,4.5625
794,?원 ?성 문화??박물관,문화 ?벤??4.733333333333333
795,묵호 ?? ?양 문화 공간,박물관,??"," 공원""",4.571428571,
796,좌구?휴?림,박물관,"즐길거리 & ?드마크, ?연 & ?생?물 ?식지, 공원",4.75,,
797,?주 ??지 ?물??박물관,"공원, 가??,4.538251366120218
798,?불??박물관,???인 ?소"," ?성??& 종교?인 ?소""",4.617647059,,
799,?락?유??,박물관,공원,4.75,,
800,구리?통?장,박물관,벼룩?장 & ?래?장,4.75,,
801,봉산문화거리,박물관,?근 지??4.368421052631579,,,
802,마장?수,박물관,물길,4.666666667,,
803,과천문화?술?터,박물관,물길,4.666666667,,
804,고속???상가,박물관,?핑?4.558441558441558,,,
805,?국?상박물관,박물관,?문 박물관,4.5,,
806,?양?술공원,박물관,공원,4.75,,
807,경희??교 ?울캠퍼??박물관,???& ?교,4.677165354,,,
808,?포?박물관,???인 ?소,4.4,,,
809,?포?수?장,?연 / 공원,??,5,,
810,만성리??모래??,?연 / 공원,??,4.26,,
811,?양??릉,?연 / 공원,???인 ?소,4.388888889,,
812,?산로유채꽃??연 / 공원,"?경 ?라?브 코스, 경???좋? ?책?,4.25
813,???컨벤?센???연 / 공원,컨퍼?스 & 컨벤???터,4.365384615384615
814,?마?드,?연 / 공원,?마 ?크,4.7368421052631575
815,?풍 ??마을,?연 / 공원,?문 박물관,5.0
816,고성 공룡박물관,?연 / 공원,?문 박물관,4.461538461538462
817,?산 ?궁??층?탑,?연 / 공원,???인 ?소"," 즐길거리 & ?드마크""",5,,
818,?곡?사박물관,?연 / 공원,?문 박물관,4.4,,
819,?포?교육 박물관,?연 / 공원,??박물관,4.666666667,,
820,?디? ?트 ?터,?연 / 공원,"?트갤러? ?트뮤???,4.428571428571429
821,?츠?파???경???연 / 공원,경마??4.638888888888889
822,?벽???연 / 공원,???인 ?소,4.4
823,강원?립??교,?연 / 공원,???& ?교,4.666666666666667
824,?남?일관,?연 / 공원,???인 ?소"," 즐길거리 & ?드마크""",4.416666667,
825,고운???연 / 공원,?성??& 종교?인 ?소,4.7,,,
826,2.28기념중앙공원,?연 / 공원,공원,4.057692308,,
827,??양?물?시관,?연 / 공원,?연??박물관,4.857142857,,
828,거제?촌민속?시관,?연 / 공원,?연??박물관,4.083333333,,
829,IFC ??연 / 공원,?핑?4.491847826086956,,,,
830,?상근린공원,?연 / 공원,"공원, ??터",4.9,,
831,감자꽃스?디???연 / 공원,?문 박물관,5,,,
832,부천향?역??,?연 / 공원,??박물관,4.625,,
833,??근???전??,?연 / 공원,??박물관,4.5,,
834,1913?정?????연 / 공원,"즐길거리 & ?드마크, ?서 깊? ?책?,4.411290322580645
835,부?영?체?박물?,?연 / 공원,?문 박물관", ?트뮤???,4.666666667,,
836,?스?티,?연 / 공원,?중교???스??4.619047619047619,,,
837,?상???드마크,?성??& 종교?인 ?소,4.75,,,
838,??제강제?원??관,?드마크,??박물관,4.666666667,,
839,갤러리아백화????월?점,?드마크,?핑?4.416666666666667,,,
840,충무??순???상,?드마크,기념???상,4.516363636,,
841,?마?역??,?드마크,?문 박물관,4,,
842,?인?연?양??드마크,?림,4.517857143,,,
843,?화?소????드마크,"즐길거리 & ?드마크, 기념???상",5,,,
844,?금박물관,?드마크,?문 박물관,4.15,,
845,카페 글?코,?드마크,가??4.5,,,
846,책과?쇄박물관,?드마크,?문 박물관,4.5,,
847,?원종합?동???드마크,"?포?컴플?스, ?레??& 경기??,4.730769230769231
848,광치???,?드마크,??,4.661971830985915
849,?ᅥ?ᄌ?ᆫ?ᅵ???드마크,???인 ?소"," ?쟁???적지""",4.428571429,,
850,궷물?름,?드마크,?? ?림,5,,
851,?????드마크,??,4.875,,,
852,?크 ?던?드,?드마크,?마 ?크,4.25,,
853,?주?릉,?드마크,???인 ?소,4.75,,
854,무상???드마크,?성??& 종교?인 ?소,4.875,,,
855,?국 ?슬??부?성???드마크,?성??& 종교?인 ?소,4.642857143,,,
856,고운?물???드마크,가??4.625,,,,
857,?랑조을거리,?드마크,?근 지?? 즐길거리 & ?드마크,4.5,,
858,부?역?쇼?몰,?드마크,?핑?4.3076923076923075,,,
859,가곡자?휴?림,?드마크,"?림, ??",4.5,,
860,거제민속박물관,?드마크,??박물관,3.833333333,,
861,?산?수?장,?드마크,??,4.556818182,,
862,?화?소????드마크,기념???상,4.833333333,,,
863,?효???????드마크,"???인 ?소, 즐길거리 & ?드마크",4.5,,,
864,?국 가?박물관,?드마크,?문 박물관,4.805555556,,
865,빛의 벙커,박물관,"?트갤러? ?트뮤???,4.666666666666667
866,?남??교박물관,박물관,?트뮤??? ??박물관""",4.833333333,,
867,?주 ?흘?벵뒤?박물관,?굴,4.5,,,
868,??드 민속박물관,박물관,??박물관,4.711864407,,
869,춘천미술관,박물관,?문 박물관,4.5,,
870,?궁??공예마을,박물관,즐길거리 & ?드마크,4.48,,
871,보문??박물관,물길,4.554973822,,,
872,가?도,박물관,??4.824324324324325,,,
873,Gangwon Jonghap Museum,박물관,?문 박물관,4.666666667,,
874,??울???울??,박물관,?핑?4.282945736434108,,,
875,?구??광??박물관,?트갤러?4.666666666666667,,,,
876,Okpo Table Tennis Court,박물관,?포?컴플?스,4,,
877,가?시??박물관,벼룩?장 & ?래?장,4.571428571,,,
878,코버?드 ?폐박물관,박물관,?문 박물관,4.75,,
879,?창무이?술관,박물관,?문 박물관,3.833333333,,
880,?안?갈???박물관,벼룩?장 & ?래?장,4.5,,,
881,?울 ??로,박물관,?근 지?? 즐길거리 & ?드마크,4.59765625,,
882,김??지?선축제,박물관,문화 ?벤??4.8125,,,
883,Baengnokdam Lake,박물관,물길,5,,
884,?화?소???박물관,"즐길거리 & ?드마크, 기념???상",5,,,
885,마제?? 카???박물관,카???4.5,,,,
886,?망?조각공??박물관,공원,4.364583333,,,
887,?림?구,박물관,"즐길거리 & ?드마크, 부??& 보드?크, 경???좋? ?책?,4.625
888,구봉???망? 카페거리,박물관,즐길거리 & ?드마크", ?망?," ?경 ?라?브 코스""",4.333333333
889,?유???수?장,박물관,??,4.5,,
890,?택?물??박물관,가??4.538461538461538,,,,
891,??프리몰??박물관,?핑?4.4,,,,
892,?평 ?스??공원 - ?연?태관,박물관,"즐길거리 & ?드마크, 공원, 가??,4.5
893,비룡??,?연 / 공원,?이???레?? ??""",4.58974359,,
894,춘장??수?장,?연 / 공원,??,4.4,,
895,?명???연 / 공원,즐길거리 & ?드마크,4.441176471,,,
896,?홉?숲,?연 / 공원,?림,4.9,,
897,??진탁구교???연 / 공원,?포?컴플?스,5,,,
898,진도개테마파???연 / 공원,?마 ?크,4.5,,,
899,?산?수?장,?연 / 공원,??,4.25,,
900,?남??박물관,?연 / 공원,??박물관,4.5,,
901,?비?태공원,?연 / 공원,공원,4.15,,
902,?룡시???연 / 공원,벼룩?장 & ?래?장,4.5,,,
903,지리산 ??사,?연 / 공원,?성??& 종교?인 ?소,4.625,,
904,?상?성,?연 / 공원,???인 ?소,4.6,,
905,?화?소????연 / 공원,기념???상,5,,,
906,?구문?예?회관 ?토??관,?연 / 공원,??박물관,4.4375,,
907,? ?로방스,?연 / 공원,?마 ?크,5,,
908,강화?문?문??,?연 / 공원,?문 박물관,4.666666667,,
909,고남 ?총박물관,?연 / 공원,"?문 박물관, ?연??박물관",4.5,,
910,?세?갤러??연 / 공원,?트갤러?4.676470588235294,,,,
911,??시민천문?,?연 / 공원,관측소 & 천체?영관,4.708333333,,
912,?령??광안?소,?연 / 공원,관광센??4.5,,,
913,철의?각 ?적지,?연 / 공원,?쟁???적지,4.375,,
914,? ?? 박물관,?연 / 공원,"?문 박물관, ??박물관",4.48245614,,
915,망운???연 / 공원,?성??& 종교?인 ?소,5,,,
916,?중??미술관,?연 / 공원,?트뮤???4.448453608247423,,,
917,광교???연 / 공원,??4.697368421052632,,,,
918,?성??연 / 공원,?트뮤???4.625,,,,
919,???골마을,?연 / 공원,"???인 ?소, ?근 지?? ?서 깊? ?책?,4.166666666666667
920,칠곡?국?화기념관,?연 / 공원,즐길거리 & ?드마크"," 기념???상""",4.5,
921,?네?리???어,?문 박물관,4.5,,,
922,검봉산 ?연?양??어,??5.0,,,,
923,???연?양??어,?림,4.5,,,
924,?터?크 ?파밸리,?어,?마 ?크,4.833333333,,
925,?동강하구아미산?망?,?어,?망? & ???4.625,,,
926,?화광장,?어,"부??& 보드?크, 경???좋? ?책? 분수?",4.285714286,,
927,무등??증심???어,?성??& 종교?인 ?소,4.608695652,,,
928,?월미술관,?어,?문 박물관,4.5,,
929,?암???카?워???어,?망? & ???4.5,,,,
930,?드?경기???어,?레??& 경기??4.3875,,,,
931,?화???????어,기념???상,5,,,
932,?파?,?어,지?4.5,,,
933,?국???어,?성??& 종교?인 ?소,4.666666667,,,
934,?성??어,즐길거리 & ?드마크,5,,,
935,?화???????어,기념???상,4,,,
936,???연?태관,?어,?문 박물관,4.605263158,,
937,????,?어,??,5,,
938,?각사,?어,건축? ?성??& 종교?인 ?소,4.2,,
939,경기??박물관,?어,?문 박물관,4.5,,
940,?평 ?스??공원 - ?비곤충?태관,?어,"?문 박물관, 즐길거리 & ?드마크",5,,
941,United Nations Peace Memorial Hall,?어,"군사 박물관, ??박물관",4.625,,
942,광희 ?션??어,?핑?4.53125,,,,
943,?주 목사?아,?어,"???인 ?소, 즐길거리 & ?드마크",4,,
944,?국관광공??관광안?전??,?어,관광센??4.661538461538462,,,
945,?기? ????어,물길,4.75,,,
946,군위 ????래?존 ?굴,?어,"???인 ?소, ?성??& 종교?인 ?소",4.833333333,,
947,?라? ?기박물관,?어,?문 박물관,4.428571429,,
948,?바?마???,교통???리,4.544117647,,,
949,보문??교통????4.75,,,,,
950,?해?배문학관,교통???문 박물관,4.5,,,
951,?순?영??,교통????박물관,4.375,,,
952,?주 ?리 박물관,교통???문 박물관,4.461956522,,,
953,?브?프??- 광명??교통???핑?4.0,,,,,
954,?익??교,교통??교육?인 ?소,4.55625,,,
955,"반야??교통??""즐길거리 & ?드마크"," ?성??& 종교?인 ?소""",4.75,,,
956,?영??과학관,교통??과학박물관,4.5,,,
957,"?꽃?목??교통??""즐길거리 & ?드마크", 가??,4.5,,,
958,?천??기념관,"교통??""?문 박물관", ?망? & ???,4.394736842,,
959,"?정??교통??""물길", 경???좋? ?책?,4.5,,,
960,부?과?체??,"교통??""과학박물관"," ?린??박물관""",4.5,,
961,주문?관광안?센??교통??관광센??4.166666666666667,,,,,
962,마니??교통????4.5,,,,,
963,?울 ?립 미술관,교통???트뮤???4.493103448275862,,,,
964,"충렬??교통??""???인 ?소", 즐길거리 & ?드마크," ?성??& 종교?인 ?소""",4.571428571,,
965,꿈의 ??교통???림,4.75,,,,
966,?불문학관,교통???문 박물관,4.3,,,
967,구포?장,"교통??""벼룩?장 & ?래?장"," ?핑? ?산?직거???터""",4.7,,
968,고려??교통????4.75,,,,,
969,?국 ??무 박물관,교통???문 박물관,4.607142857,,,
970,진해 ?수??경?태공원,교통??공원,4.611111111,,,
971,?진불교미술관,교통???트갤러?4.416666666666667,,,,
972,커피박물관,교통???문 박물관,4.5,,,
973,?화??????교통??기념???상,5,,,,
974,구천??계곡,"교통??""?공원", ?연 & ?생?물 ?식지," 계곡""",5,
975,?진??교통????4.5,,,,,
